vaseline,Vaseline Lip Therapy Original
vaseline,Vaseline Lip Therapy Rosy Lips
vaseline,Vaseline Lip Therapy Cocoa Butter
plum,Plum E-Luminence Nourishing Lip Balm
plum,Plum Candy Melts Lip Balm
plum,Plum Hello Aloe Caring Day Moisturizer SPF 20
ponds,Ponds Moisture Lip Balm
ponds,Ponds Lip Shield
ponds,Ponds Perfect Color Complex Lip Balm
himalaya,Himalaya Herbals Lip Balm
himalaya,Himalaya Herbals Natural Soft Vanilla Lip Care
himalaya,Himalaya Herbals Intensive Moisturizing Cocoa Butter Lip Care
dot & key,Dot & Key Lip Plumping Balm
dot & key,Dot & Key Lip Sleeping Mask
dot & key,Dot & Key Lip Butter
laneige,Laneige Lip Sleeping Mask
laneige,Laneige Lip Glowy Balm
laneige,Laneige Lip Treatment Balm
